[
  {
    "line": 1,
    "elements": [
      {
        "line": 5,
        "name": "Verify get positive status code",
        "description": "",
        "id": "userapitest;verify-get-positive-status-code",
        "type": "scenario",
        "keyword": "Scenario",
        "steps": [
          {
            "result": {
              "duration": 3821341022,
              "status": "passed"
            },
            "line": 6,
            "name": "Get Positive Wiremock API",
            "match": {
              "location": "GetRespose.testStatusCodePositive()"
            },
            "keyword": "Given "
          }
        ],
        "tags": [
          {
            "name": "@Smoke"
          }
        ]
      },
      {
        "line": 8,
        "name": "Verify get negative status code",
        "description": "",
        "id": "userapitest;verify-get-negative-status-code",
        "type": "scenario",
        "keyword": "Scenario",
        "steps": [
          {
            "result": {
              "duration": 1192466851,
              "status": "passed"
            },
            "line": 9,
            "name": "Get Negative Scenario",
            "match": {
              "location": "GetRespose.testStatusCodeNegative()"
            },
            "keyword": "Given "
          }
        ]
      }
    ],
    "name": "UserAPITest",
    "description": "\tUsers need to be able to quickly get the details of existing user.",
    "id": "userapitest",
    "keyword": "Feature",
    "uri": "D:/Falcon1.2/glp-roster-management-test/src/test/resources/features/Wiremock/GetResponse.feature",
    "tags": []
  }
]